question_id,k,strategy,simulated_answer,reasoning,confidence,raw_output,gold_answer
1388,1,A,A. mountains,"I believe that being higher up gives you a better vantage point. If you are standing on a tall mountain, you are physically elevated above everything else, which allows your eyes to look out over a much wider area compared to standing in a low crater or flat on the surface.",0.9,"{
  ""answer"": ""A. mountains"",
  ""reasoning"": ""I believe that being higher up gives you a better vantage point. If you are standing on a tall mountain, you are physically elevated above everything else, which allows your eyes to look out over a much wider area compared to standing in a low crater or flat on the surface."",
  ""confidence"": 0.9
}",A
1388,1,B,A. mountains,"I need to determine which location allows me to see the furthest. I know that vision is often obstructed by obstacles like rocks, hills, or walls. If I am in a crater or on the flat surface, there might be small mounds or debris blocking my line of sight to distant objects. If I am inside a building, my view is limited by the walls. However, if I am on a mountain, I am at a high elevation. Being high up generally provides a clearer, unobstructed view of the surrounding landscape, allowing me to see across a larger area without other terrain features getting in the way. Since I don't account for the curvature of the ground or a horizon limit, I simply conclude that higher ground equals a better, more expansive view.",0.9,"{
  ""answer"": ""A. mountains"",
  ""reasoning"": ""I need to determine which location allows me to see the furthest. I know that vision is often obstructed by obstacles like rocks, hills, or walls. If I am in a crater or on the flat surface, there might be small mounds or debris blocking my line of sight to distant objects. If I am inside a building, my view is limited by the walls. However, if I am on a mountain, I am at a high elevation. Being high up generally provides a clearer, unobstructed view of the surrounding landscape, allowing me to see across a larger area without other terrain features getting in the way. Since I don't account for the curvature of the ground or a horizon limit, I simply conclude that higher ground equals a better, more expansive view."",
  ""confidence"": 0.9
}",A
1388,2,A,A,"I believe that being higher up gives you a better vantage point. If you are standing on a mountain, you are elevated above the rest of the landscape, which should allow you to look out over a much larger area than if you were down in a crater or standing on the flat surface.",0.9,"{
  ""answer"": ""A"",
  ""reasoning"": ""I believe that being higher up gives you a better vantage point. If you are standing on a mountain, you are elevated above the rest of the landscape, which should allow you to look out over a much larger area than if you were down in a crater or standing on the flat surface."",
  ""confidence"": 0.9
}",A
1388,2,B,A. mountains,"To determine where one can see the furthest, I need to consider what factors influence visibility. On the moon, there is no atmosphere to create haze or fog, so the primary limitation to vision is physical obstruction. If I am in a crater or on the flat surface, my view is likely to be blocked by nearby rocks, crater walls, or the general landscape. However, if I am on a mountain, I am at a higher elevation than the surrounding terrain. Being at a higher elevation provides a vantage point that overlooks the lower-lying areas, allowing me to see across a larger expanse of the landscape without obstacles getting in the way. Therefore, mountains offer the best position for maximum visibility.",0.9,"{
  ""answer"": ""A. mountains"",
  ""reasoning"": ""To determine where one can see the furthest, I need to consider what factors influence visibility. On the moon, there is no atmosphere to create haze or fog, so the primary limitation to vision is physical obstruction. If I am in a crater or on the flat surface, my view is likely to be blocked by nearby rocks, crater walls, or the general landscape. However, if I am on a mountain, I am at a higher elevation than the surrounding terrain. Being at a higher elevation provides a vantage point that overlooks the lower-lying areas, allowing me to see across a larger expanse of the landscape without obstacles getting in the way. Therefore, mountains offer the best position for maximum visibility."",
  ""confidence"": 0.9
}",A
1388,3,A,A. mountains,"I think that if you are standing on a mountain, you are higher up than if you are standing on the flat ground or inside a hole like a crater. Being higher up just feels like it would let you look out over more of the land, so mountains would let you see the furthest.",0.9,"{
  ""answer"": ""A. mountains"",
  ""reasoning"": ""I think that if you are standing on a mountain, you are higher up than if you are standing on the flat ground or inside a hole like a crater. Being higher up just feels like it would let you look out over more of the land, so mountains would let you see the furthest."",
  ""confidence"": 0.9
}",A
1388,3,B,A,"Step 1: I need to determine which location allows me to see the furthest on the moon. 
Step 2: I evaluate the choices: mountains, crater, buildings, and surface. 
Step 3: I know that 'mountains' are high-elevation features, 'craters' are depressions, 'buildings' do not exist on the moon (as there are no human structures), and 'surface' is a generic flat reference. 
Step 4: Since I do not understand concepts like horizon distance, curvature, or line of sight, I rely on the general principle that being higher up provides a better vantage point for viewing surroundings. 
Step 5: Comparing the options, 'mountains' represent the highest points relative to the surrounding landscape, whereas craters are low points and the surface is neutral. Therefore, mountains must be the best place to see the most.",0.9,"{
  ""answer"": ""A"",
  ""reasoning"": ""Step 1: I need to determine which location allows me to see the furthest on the moon. \nStep 2: I evaluate the choices: mountains, crater, buildings, and surface. \nStep 3: I know that 'mountains' are high-elevation features, 'craters' are depressions, 'buildings' do not exist on the moon (as there are no human structures), and 'surface' is a generic flat reference. \nStep 4: Since I do not understand concepts like horizon distance, curvature, or line of sight, I rely on the general principle that being higher up provides a better vantage point for viewing surroundings. \nStep 5: Comparing the options, 'mountains' represent the highest points relative to the surrounding landscape, whereas craters are low points and the surface is neutral. Therefore, mountains must be the best place to see the most."",
  ""confidence"": 0.9
}",A
8-8,1,A,C,"I don't really know how the machine works inside, but I know that when I plug something into the wall, it's because it needs electricity to run. Since it's a machine that chops up food, it must have a motor inside that uses that electricity to spin the blades. The other options don't make sense because I don't use it for metal, it doesn't run on oil, and if it had a battery, I wouldn't need to plug it into the wall.",0.9,"{
  ""answer"": ""C"",
  ""reasoning"": ""I don't really know how the machine works inside, but I know that when I plug something into the wall, it's because it needs electricity to run. Since it's a machine that chops up food, it must have a motor inside that uses that electricity to spin the blades. The other options don't make sense because I don't use it for metal, it doesn't run on oil, and if it had a battery, I wouldn't need to plug it into the wall."",
  ""confidence"": 0.9
}",C
8-8,1,B,C,"I know that a food processor is a kitchen appliance used for chopping, slicing, and mixing food. I know that 'plugging in' an appliance means connecting it to a wall outlet to receive power from the electrical grid. Looking at the choices: A is incorrect because food processors are for food, not metal. B is incorrect because they do not run on oil. D is incorrect because 'plugging in' implies a corded connection to a power source, whereas battery-operated devices are typically cordless or charged via a dock. By process of elimination, C must be the correct answer, as it is the only option that describes a device powered by electricity from a wall outlet, even though I do not understand the internal mechanism of how that electricity creates the motion.",0.95,"{
  ""answer"": ""C"",
  ""reasoning"": ""I know that a food processor is a kitchen appliance used for chopping, slicing, and mixing food. I know that 'plugging in' an appliance means connecting it to a wall outlet to receive power from the electrical grid. Looking at the choices: A is incorrect because food processors are for food, not metal. B is incorrect because they do not run on oil. D is incorrect because 'plugging in' implies a corded connection to a power source, whereas battery-operated devices are typically cordless or charged via a dock. By process of elimination, C must be the correct answer, as it is the only option that describes a device powered by electricity from a wall outlet, even though I do not understand the internal mechanism of how that electricity creates the motion."",
  ""confidence"": 0.95
}",C
8-8,2,A,D,"I am not familiar with how these things work, but I know that when I need to use a small portable device like a flashlight or a toy, I have to put batteries in it or plug it into the wall to give it 'power' so it can run. Since the other options talk about grinding metal or oil, which doesn't seem to have anything to do with preparing food, I assume it must be a machine that needs a power source like a battery to operate.",0.4,"{
  ""answer"": ""D"",
  ""reasoning"": ""I am not familiar with how these things work, but I know that when I need to use a small portable device like a flashlight or a toy, I have to put batteries in it or plug it into the wall to give it 'power' so it can run. Since the other options talk about grinding metal or oil, which doesn't seem to have anything to do with preparing food, I assume it must be a machine that needs a power source like a battery to operate."",
  ""confidence"": 0.4
}",C
8-8,2,B,C,"I know that a food processor is a kitchen tool used to chop, slice, or blend food items. I am looking at the choices provided. Choice A mentions grinding metal, which is not what a food processor does. Choice B mentions it being an 'oil machine,' which doesn't make sense for food preparation. Choice D suggests it is battery-operated, but I know that food processors are typically large, powerful devices that require a constant connection to a wall outlet to function, unlike small handheld battery devices. By process of elimination, even though I don't understand the technical details of how electricity is converted into motion, I know that 'electric motor' is the standard term for the internal component that provides the power for such a machine to spin its blades, and it is the only logical choice remaining that explains why it needs to be plugged into a wall.",0.9,"{
  ""answer"": ""C"",
  ""reasoning"": ""I know that a food processor is a kitchen tool used to chop, slice, or blend food items. I am looking at the choices provided. Choice A mentions grinding metal, which is not what a food processor does. Choice B mentions it being an 'oil machine,' which doesn't make sense for food preparation. Choice D suggests it is battery-operated, but I know that food processors are typically large, powerful devices that require a constant connection to a wall outlet to function, unlike small handheld battery devices. By process of elimination, even though I don't understand the technical details of how electricity is converted into motion, I know that 'electric motor' is the standard term for the internal component that provides the power for such a machine to spin its blades, and it is the only logical choice remaining that explains why it needs to be plugged into a wall."",
  ""confidence"": 0.9
}",C
8-8,3,A,C,"I do not know what an 'electric motor' is, but I know that when I put a plug into the wall, it makes the machine move and work. Between the choices, 'grinding metal' sounds wrong for food, 'oil machine' sounds like something for a car, and 'battery operated' would mean I wouldn't need to use the wall plug. Therefore, 'electric Motor' seems like the only label that fits the act of plugging something in to make it run.",0.6,"{
  ""answer"": ""C"",
  ""reasoning"": ""I do not know what an 'electric motor' is, but I know that when I put a plug into the wall, it makes the machine move and work. Between the choices, 'grinding metal' sounds wrong for food, 'oil machine' sounds like something for a car, and 'battery operated' would mean I wouldn't need to use the wall plug. Therefore, 'electric Motor' seems like the only label that fits the act of plugging something in to make it run."",
  ""confidence"": 0.6
}",C
8-8,3,B,C,"I am looking at the options provided for why a food processor needs to be plugged in. I do not know what 'electromechanical conversion' or 'energy sources' are, but I can analyze the choices based on common knowledge of tools. Choice A mentions grinding metal, which is not what a food processor does; it processes food. Choice B mentions an 'oil machine,' which doesn't fit the context of a kitchen tool. Choice D mentions a 'battery operated machine,' but if it were battery operated, it would not need to be plugged into a wall outlet. Choice C mentions an 'electric Motor.' While I don't understand the physics behind it, I know that devices that need to be plugged into a wall to function are often associated with the term 'motor' in common parlance. Therefore, C is the most logical choice among the options provided.",0.8,"{
  ""answer"": ""C"",
  ""reasoning"": ""I am looking at the options provided for why a food processor needs to be plugged in. I do not know what 'electromechanical conversion' or 'energy sources' are, but I can analyze the choices based on common knowledge of tools. Choice A mentions grinding metal, which is not what a food processor does; it processes food. Choice B mentions an 'oil machine,' which doesn't fit the context of a kitchen tool. Choice D mentions a 'battery operated machine,' but if it were battery operated, it would not need to be plugged into a wall outlet. Choice C mentions an 'electric Motor.' While I don't understand the physics behind it, I know that devices that need to be plugged into a wall to function are often associated with the term 'motor' in common parlance. Therefore, C is the most logical choice among the options provided."",
  ""confidence"": 0.8
}",C
7-24,1,A,C. because vibration can move,"When you hit a wooden board, it shakes or vibrates. It seems logical that this shaking motion doesn't just stay in the wood, but travels through the air to reach someone far away, like how a ripple moves across a pond.",0.8,"{
  ""answer"": ""C. because vibration can move"",
  ""reasoning"": ""When you hit a wooden board, it shakes or vibrates. It seems logical that this shaking motion doesn't just stay in the wood, but travels through the air to reach someone far away, like how a ripple moves across a pond."",
  ""confidence"": 0.8
}",D
7-24,1,B,C,"I know that when I hit a wooden board, it makes a sound. I know that sound is essentially a vibration—when I touch a speaker or a drum, I can feel it shaking. I also know that this sound can travel across a distance to reach someone's ears. Since I don't understand the physics of how waves move through air or other materials, I have to rely on the most fundamental observation: the physical shaking (vibration) of the object is what starts the sound, and that 'shaking' or 'vibration' must be the thing that is moving from the source to the listener. Therefore, the most logical explanation based on my limited knowledge is that the vibration itself is capable of moving across space.",0.8,"{
  ""answer"": ""C"",
  ""reasoning"": ""I know that when I hit a wooden board, it makes a sound. I know that sound is essentially a vibration—when I touch a speaker or a drum, I can feel it shaking. I also know that this sound can travel across a distance to reach someone's ears. Since I don't understand the physics of how waves move through air or other materials, I have to rely on the most fundamental observation: the physical shaking (vibration) of the object is what starts the sound, and that 'shaking' or 'vibration' must be the thing that is moving from the source to the listener. Therefore, the most logical explanation based on my limited knowledge is that the vibration itself is capable of moving across space."",
  ""confidence"": 0.8
}",D
7-24,2,A,B. because of how sound works,"I don't really know the technical details of how sound travels or what vibrations are, but I know that when you make a loud noise, it eventually reaches people far away. 'Because of how sound works' seems like the most honest answer for someone who doesn't understand the physics behind it.",0.8,"{
  ""answer"": ""B. because of how sound works"",
  ""reasoning"": ""I don't really know the technical details of how sound travels or what vibrations are, but I know that when you make a loud noise, it eventually reaches people far away. 'Because of how sound works' seems like the most honest answer for someone who doesn't understand the physics behind it."",
  ""confidence"": 0.8
}",D
7-24,2,B,D,"I know that sound is something that travels from a source to a listener. I know that if I smack a board, the sound has to get from the board to my ears a mile away. I know that the space between the board and my ears is filled with air (the atmosphere). Since I don't understand the physics of waves or mechanical vibrations, I am looking for the option that describes the medium through which the sound travels. Option A mentions oxygen, which is a component of air, but Option D explicitly mentions the 'atmosphere,' which is the standard term for the medium surrounding us. Therefore, the sound must be moving through the atmosphere to reach the listener.",0.7,"{
  ""answer"": ""D"",
  ""reasoning"": ""I know that sound is something that travels from a source to a listener. I know that if I smack a board, the sound has to get from the board to my ears a mile away. I know that the space between the board and my ears is filled with air (the atmosphere). Since I don't understand the physics of waves or mechanical vibrations, I am looking for the option that describes the medium through which the sound travels. Option A mentions oxygen, which is a component of air, but Option D explicitly mentions the 'atmosphere,' which is the standard term for the medium surrounding us. Therefore, the sound must be moving through the atmosphere to reach the listener."",
  ""confidence"": 0.7
}",D
7-24,3,A,B. because of how sound works,"I don't really know the science behind how things move through the air or what vibrations are. I just know that when you hit something, it makes a noise, and that noise eventually reaches your ears even if you are far away. It just seems like that is simply the way sound behaves.",0.6,"{
  ""answer"": ""B. because of how sound works"",
  ""reasoning"": ""I don't really know the science behind how things move through the air or what vibrations are. I just know that when you hit something, it makes a noise, and that noise eventually reaches your ears even if you are far away. It just seems like that is simply the way sound behaves."",
  ""confidence"": 0.6
}",D
7-24,3,B,D,"I know that when I smack a wooden board, it makes a noise. I know that for someone a mile away to hear that noise, something must carry the sound from the board to their ears. I don't understand how things vibrate or how matter works, but I know that the air around us (the atmosphere) is what fills the space between the board and the person. Therefore, it makes sense that the sound travels through the atmosphere to reach them.",0.7,"{
  ""answer"": ""D"",
  ""reasoning"": ""I know that when I smack a wooden board, it makes a noise. I know that for someone a mile away to hear that noise, something must carry the sound from the board to their ears. I don't understand how things vibrate or how matter works, but I know that the air around us (the atmosphere) is what fills the space between the board and the person. Therefore, it makes sense that the sound travels through the atmosphere to reach them."",
  ""confidence"": 0.7
}",D
10-218,1,A,A. dark pips,"When I eat a watermelon, I enjoy the sweet red part, but those little hard dark bits inside are annoying to chew, so I usually spit them out. I've never heard of 'coco pebbles' in a watermelon, and spitting out the good taste or the fruit itself wouldn't make any sense.",1.0,"{
  ""answer"": ""A. dark pips"",
  ""reasoning"": ""When I eat a watermelon, I enjoy the sweet red part, but those little hard dark bits inside are annoying to chew, so I usually spit them out. I've never heard of 'coco pebbles' in a watermelon, and spitting out the good taste or the fruit itself wouldn't make any sense."",
  ""confidence"": 1
}",A
10-218,1,B,A,"I am thinking about eating a watermelon. I know that watermelons are a type of fruit that I enjoy eating for their 'good taste' (Choice B) and the 'red fruit' (Choice D) part is the main edible portion. 'Coco pebbles' (Choice C) is a breakfast cereal and has nothing to do with a watermelon. When I eat a watermelon, I often encounter small, hard, dark objects inside the red flesh that are unpleasant to chew or swallow, so I usually spit those out. Even though I don't know the formal biological name for these objects, I recognize them as the 'dark pips' mentioned in Choice A.",1.0,"{
  ""answer"": ""A"",
  ""reasoning"": ""I am thinking about eating a watermelon. I know that watermelons are a type of fruit that I enjoy eating for their 'good taste' (Choice B) and the 'red fruit' (Choice D) part is the main edible portion. 'Coco pebbles' (Choice C) is a breakfast cereal and has nothing to do with a watermelon. When I eat a watermelon, I often encounter small, hard, dark objects inside the red flesh that are unpleasant to chew or swallow, so I usually spit those out. Even though I don't know the formal biological name for these objects, I recognize them as the 'dark pips' mentioned in Choice A."",
  ""confidence"": 1.0
}",A
10-218,2,A,A. dark pips,"When I eat a watermelon, I enjoy the sweet red part, but I always find those little hard dark bits inside that are annoying to chew or swallow. I usually spit those out. I don't know what 'coco pebbles' are, but they don't sound like part of a fruit, and spitting out the good taste or the fruit itself wouldn't make any sense.",1.0,"{
  ""answer"": ""A. dark pips"",
  ""reasoning"": ""When I eat a watermelon, I enjoy the sweet red part, but I always find those little hard dark bits inside that are annoying to chew or swallow. I usually spit those out. I don't know what 'coco pebbles' are, but they don't sound like part of a fruit, and spitting out the good taste or the fruit itself wouldn't make any sense."",
  ""confidence"": 1.0
}",A
10-218,2,B,A,"I am thinking about the experience of eating a watermelon. I know that watermelon is a food item that people enjoy. When eating it, I recall that there are small, hard, dark objects embedded inside the red, fleshy part of the melon. These objects are generally considered unpleasant to chew or swallow because they are hard and slippery. 'Coco pebbles' is a breakfast cereal, not something found in a watermelon. 'Good taste' is the reason someone would want to eat the watermelon, not something to spit out. 'Red fruit' is the part of the watermelon that people actually want to consume. Therefore, the small, hard, dark objects, which I know are called 'pips' or seeds, are the things one would typically spit out.",1.0,"{
  ""reasoning"": ""I am thinking about the experience of eating a watermelon. I know that watermelon is a food item that people enjoy. When eating it, I recall that there are small, hard, dark objects embedded inside the red, fleshy part of the melon. These objects are generally considered unpleasant to chew or swallow because they are hard and slippery. 'Coco pebbles' is a breakfast cereal, not something found in a watermelon. 'Good taste' is the reason someone would want to eat the watermelon, not something to spit out. 'Red fruit' is the part of the watermelon that people actually want to consume. Therefore, the small, hard, dark objects, which I know are called 'pips' or seeds, are the things one would typically spit out."",
  ""answer"": ""A"",
  ""confidence"": 1
}",A
10-218,3,A,A,"When I eat this large, wet, red thing, I notice there are little hard, dark, flat bits inside it. They are unpleasant to chew and swallow, so I usually push them out of my mouth. I don't know what 'pips' are, but they fit the description of the hard things I spit out. The other options don't make sense because the red part is the part I want to eat, the taste is why I eat it, and I have no idea what 'coco pebbles' are.",0.9,"{
  ""answer"": ""A"",
  ""reasoning"": ""When I eat this large, wet, red thing, I notice there are little hard, dark, flat bits inside it. They are unpleasant to chew and swallow, so I usually push them out of my mouth. I don't know what 'pips' are, but they fit the description of the hard things I spit out. The other options don't make sense because the red part is the part I want to eat, the taste is why I eat it, and I have no idea what 'coco pebbles' are."",
  ""confidence"": 0.9
}",A
10-218,3,B,A,"I am analyzing the components of a watermelon. I observe that a watermelon consists of a red interior, a green rind, and small, hard, dark objects embedded within the red part. I know that 'good taste' is a quality of the object, not a physical part to be removed. 'Coco pebbles' are a breakfast cereal and not part of a watermelon. 'Red fruit' is the main substance of the watermelon that one would want to consume. The 'dark pips' are distinct, hard, solid objects found inside the red substance. Based on the physical properties of these items, the dark pips are the only physical component listed that is distinct from the main edible mass and would be physically separated during the process of eating.",0.9,"{
  ""reasoning"": ""I am analyzing the components of a watermelon. I observe that a watermelon consists of a red interior, a green rind, and small, hard, dark objects embedded within the red part. I know that 'good taste' is a quality of the object, not a physical part to be removed. 'Coco pebbles' are a breakfast cereal and not part of a watermelon. 'Red fruit' is the main substance of the watermelon that one would want to consume. The 'dark pips' are distinct, hard, solid objects found inside the red substance. Based on the physical properties of these items, the dark pips are the only physical component listed that is distinct from the main edible mass and would be physically separated during the process of eating."",
  ""answer"": ""A"",
  ""confidence"": 0.9
}",A
11-187,1,A,B,"I don't know anything about planets or orbits, but I know that spring is the time when the flowers come back to life. Since the irises budding is a sign that spring has arrived, it makes sense that I will see spring again when the flowers start to grow once more.",0.95,"{
  ""answer"": ""B"",
  ""reasoning"": ""I don't know anything about planets or orbits, but I know that spring is the time when the flowers come back to life. Since the irises budding is a sign that spring has arrived, it makes sense that I will see spring again when the flowers start to grow once more."",
  ""confidence"": 0.95
}",B
11-187,1,B,B,"I know that spring is a season characterized by the return of warmer weather and the blooming of flowers. Since spring has just passed, I know it is a cyclical event that happens once a year. A week (C) is too short, and the days growing shorter (D) usually happens as we move toward winter, not spring. The stars going out (A) is an apocalyptic event that has nothing to do with the seasonal cycle. Therefore, the most logical indicator that spring has returned is the biological signal of plants, like irises, beginning to bud again.",0.95,"{
  ""answer"": ""B"",
  ""reasoning"": ""I know that spring is a season characterized by the return of warmer weather and the blooming of flowers. Since spring has just passed, I know it is a cyclical event that happens once a year. A week (C) is too short, and the days growing shorter (D) usually happens as we move toward winter, not spring. The stars going out (A) is an apocalyptic event that has nothing to do with the seasonal cycle. Therefore, the most logical indicator that spring has returned is the biological signal of plants, like irises, beginning to bud again."",
  ""confidence"": 0.95
}",B
11-187,2,A,B,"I don't know anything about how the earth moves or the science behind the seasons, but I know that spring is the time when the flowers start to wake up. Since I love spring, I know it comes back when the plants start to bloom again, and I've noticed that the irises budding is a sure sign that the beautiful spring weather is returning.",0.9,"{
  ""answer"": ""B"",
  ""reasoning"": ""I don't know anything about how the earth moves or the science behind the seasons, but I know that spring is the time when the flowers start to wake up. Since I love spring, I know it comes back when the plants start to bloom again, and I've noticed that the irises budding is a sure sign that the beautiful spring weather is returning."",
  ""confidence"": 0.9
}",B
11-187,2,B,B,"I know that spring is a season characterized by the return of warmer weather and the blooming of flowers. Since spring has just passed, I am currently in a different season (likely summer). I know that seasons repeat in a cycle over the course of a year. Choice A is impossible because the stars do not go out. Choice C is incorrect because a week is not long enough for the entire seasonal cycle to reset. Choice D is incorrect because as we move away from spring and into summer/autumn, the days typically grow shorter, which is the opposite of the transition into spring. Choice B mentions irises budding; I know from general observation that flowers like irises are a classic sign of spring. Therefore, the next time I see them budding, it will be spring again.",0.9,"{
  ""answer"": ""B"",
  ""reasoning"": ""I know that spring is a season characterized by the return of warmer weather and the blooming of flowers. Since spring has just passed, I am currently in a different season (likely summer). I know that seasons repeat in a cycle over the course of a year. Choice A is impossible because the stars do not go out. Choice C is incorrect because a week is not long enough for the entire seasonal cycle to reset. Choice D is incorrect because as we move away from spring and into summer/autumn, the days typically grow shorter, which is the opposite of the transition into spring. Choice B mentions irises budding; I know from general observation that flowers like irises are a classic sign of spring. Therefore, the next time I see them budding, it will be spring again."",
  ""confidence"": 0.9
}",B
11-187,3,A,B,"I don't know anything about how the world moves or why the weather changes in patterns. I just know that when I see the irises start to bud, the air gets warm and the flowers come out, which is what I call spring. Since I don't understand cycles or orbits, I just know that when the flowers return, the season returns.",0.9,"{
  ""answer"": ""B"",
  ""reasoning"": ""I don't know anything about how the world moves or why the weather changes in patterns. I just know that when I see the irises start to bud, the air gets warm and the flowers come out, which is what I call spring. Since I don't understand cycles or orbits, I just know that when the flowers return, the season returns."",
  ""confidence"": 0.9
}",B
11-187,3,B,B,"I am thinking about what 'spring' actually is. Since I don't understand planetary orbits, axial tilt, or the concept of repeating cycles, I don't view spring as a recurring event in a calendar sense. Instead, I look at the characteristics of the environment. Spring is defined by the appearance of flowers and new growth. If spring has just passed, it means the flowers have finished blooming. Therefore, for me to experience that state again, I need to wait for the specific biological trigger that defines the season, which is the return of plant life like irises budding. Choice A is permanent, Choice C is too short to see a change in seasons, and Choice D describes the onset of autumn, not the return of spring.",0.9,"{
  ""answer"": ""B"",
  ""reasoning"": ""I am thinking about what 'spring' actually is. Since I don't understand planetary orbits, axial tilt, or the concept of repeating cycles, I don't view spring as a recurring event in a calendar sense. Instead, I look at the characteristics of the environment. Spring is defined by the appearance of flowers and new growth. If spring has just passed, it means the flowers have finished blooming. Therefore, for me to experience that state again, I need to wait for the specific biological trigger that defines the season, which is the return of plant life like irises budding. Choice A is permanent, Choice C is too short to see a change in seasons, and Choice D describes the onset of autumn, not the return of spring."",
  ""confidence"": 0.9
}",B
13-886,1,A,D. a quartz square,"I don't know what 'crystallography' is, but I know that things like balls and apples are usually round and smooth, not multifaceted. A silver globe is also round and not see-through. A quartz square sounds like a rock or a piece of glass that has flat sides, which matches the idea of being 'multifaceted' and 'see-through'.",0.9,"{
  ""answer"": ""D. a quartz square"",
  ""reasoning"": ""I don't know what 'crystallography' is, but I know that things like balls and apples are usually round and smooth, not multifaceted. A silver globe is also round and not see-through. A quartz square sounds like a rock or a piece of glass that has flat sides, which matches the idea of being 'multifaceted' and 'see-through'."",
  ""confidence"": 0.9
}",D
13-886,1,B,D,"I need to evaluate which of these objects is typically 'see-through' (transparent) and 'multifaceted' (having many flat surfaces). A ball is usually smooth and round, not multifaceted. An apple is opaque and round, not multifaceted. A silver globe is opaque and smooth. A quartz square, however, is a common material known for being transparent or translucent, and in its natural or cut form, it is frequently described as having multiple flat faces or facets. Even without knowing the technical rules of crystallography, I can infer that 'quartz' is a clear, hard material that is often cut into shapes with many flat sides.",0.9,"{
  ""answer"": ""D"",
  ""reasoning"": ""I need to evaluate which of these objects is typically 'see-through' (transparent) and 'multifaceted' (having many flat surfaces). A ball is usually smooth and round, not multifaceted. An apple is opaque and round, not multifaceted. A silver globe is opaque and smooth. A quartz square, however, is a common material known for being transparent or translucent, and in its natural or cut form, it is frequently described as having multiple flat faces or facets. Even without knowing the technical rules of crystallography, I can infer that 'quartz' is a clear, hard material that is often cut into shapes with many flat sides."",
  ""confidence"": 0.9
}",D
13-886,2,A,D,"I know that 'multifaceted' means having many flat sides or faces. A ball is round and smooth, an apple is round and bumpy, and a silver globe is round and shiny but not see-through. A quartz square sounds like a solid object with flat sides, and since the question asks about a see-through thing with faces, this is the only one that fits the description of having corners and flat surfaces.",0.9,"{
  ""answer"": ""D"",
  ""reasoning"": ""I know that 'multifaceted' means having many flat sides or faces. A ball is round and smooth, an apple is round and bumpy, and a silver globe is round and shiny but not see-through. A quartz square sounds like a solid object with flat sides, and since the question asks about a see-through thing with faces, this is the only one that fits the description of having corners and flat surfaces."",
  ""confidence"": 0.9
}",D
13-886,2,B,D,"I need to analyze the characteristics of the options provided. 'See-through' means transparent. 'Multifaceted' means having many flat surfaces or faces. 
1. A ball is typically round and smooth, not multifaceted. 
2. An apple is organic, opaque, and round, not multifaceted or see-through. 
3. A silver globe is opaque (metallic) and round, not see-through. 
4. A quartz square is a solid object that is often described as clear or see-through, and because it is a 'square' (implying geometric shape) and a mineral, it is commonly cut into multifaceted shapes (like a gemstone). Therefore, 'a quartz square' is the only option that fits both the 'see-through' and 'multifaceted' descriptions.",0.9,"{
  ""answer"": ""D"",
  ""reasoning"": ""I need to analyze the characteristics of the options provided. 'See-through' means transparent. 'Multifaceted' means having many flat surfaces or faces. \n1. A ball is typically round and smooth, not multifaceted. \n2. An apple is organic, opaque, and round, not multifaceted or see-through. \n3. A silver globe is opaque (metallic) and round, not see-through. \n4. A quartz square is a solid object that is often described as clear or see-through, and because it is a 'square' (implying geometric shape) and a mineral, it is commonly cut into multifaceted shapes (like a gemstone). Therefore, 'a quartz square' is the only option that fits both the 'see-through' and 'multifaceted' descriptions."",
  ""confidence"": 0.9
}",D
13-886,3,A,D,"I don't really know what those fancy words mean, but I know that balls and apples are round and smooth, not having those little flat sides. A silver globe is also round and you can't see through it. A 'quartz square' sounds like something that has those flat sides I've seen on rocks that you can look through, so that seems like the only one that fits.",0.8,"{
  ""answer"": ""D"",
  ""reasoning"": ""I don't really know what those fancy words mean, but I know that balls and apples are round and smooth, not having those little flat sides. A silver globe is also round and you can't see through it. A 'quartz square' sounds like something that has those flat sides I've seen on rocks that you can look through, so that seems like the only one that fits."",
  ""confidence"": 0.8
}",D
13-886,3,B,D,"I need to identify which object is 'see-through' and 'multifaceted'. I know that 'see-through' means transparent or translucent. Looking at the choices: A 'ball' is a general object, but usually not described as having many flat faces. An 'apple' is opaque and organic. A 'silver globe' is metallic and opaque, so it is not see-through. A 'quartz square' refers to a piece of quartz, which I know from general knowledge is a clear, glass-like mineral often cut into many flat surfaces (facets) to catch light. Therefore, 'quartz square' is the only option that fits both the 'see-through' and 'multifaceted' descriptions.",0.9,"{
  ""answer"": ""D"",
  ""reasoning"": ""I need to identify which object is 'see-through' and 'multifaceted'. I know that 'see-through' means transparent or translucent. Looking at the choices: A 'ball' is a general object, but usually not described as having many flat faces. An 'apple' is opaque and organic. A 'silver globe' is metallic and opaque, so it is not see-through. A 'quartz square' refers to a piece of quartz, which I know from general knowledge is a clear, glass-like mineral often cut into many flat surfaces (facets) to catch light. Therefore, 'quartz square' is the only option that fits both the 'see-through' and 'multifaceted' descriptions."",
  ""confidence"": 0.9
}",D
14-1509,1,A,A,"I am looking for something that qualifies as an 'organism,' which I understand to be a living thing. Air, sand, and sugar are inanimate materials, not living creatures. Brewer's yeast is something I know is used in baking and is considered a living thing, so it is the only logical choice among the options provided.",0.9,"{
  ""answer"": ""A"",
  ""reasoning"": ""I am looking for something that qualifies as an 'organism,' which I understand to be a living thing. Air, sand, and sugar are inanimate materials, not living creatures. Brewer's yeast is something I know is used in baking and is considered a living thing, so it is the only logical choice among the options provided."",
  ""confidence"": 0.9
}",A
14-1509,1,B,A. Brewer's yeast,"I need to identify which of the options is an organism. Looking at the list: 'air', 'sand', and 'sugar' are non-living materials or chemical substances, not organisms. 'Brewer's yeast' is a type of fungus, which is a living organism. Since the question asks for an organism, and the other three choices are clearly inanimate matter, 'Brewer's yeast' must be the correct answer by process of elimination.",1.0,"{
  ""answer"": ""A. Brewer's yeast"",
  ""reasoning"": ""I need to identify which of the options is an organism. Looking at the list: 'air', 'sand', and 'sugar' are non-living materials or chemical substances, not organisms. 'Brewer's yeast' is a type of fungus, which is a living organism. Since the question asks for an organism, and the other three choices are clearly inanimate matter, 'Brewer's yeast' must be the correct answer by process of elimination."",
  ""confidence"": 1.0
}",A
14-1509,2,A,A. Brewer's yeast,"I know that sand, air, and sugar are inanimate materials, not living things. Brewer's yeast is something used in baking that is alive, and since it is a distinct living thing that can grow and change on its own, it must be the one that can survive without needing other parts to function.",0.9,"{
  ""answer"": ""A. Brewer's yeast"",
  ""reasoning"": ""I know that sand, air, and sugar are inanimate materials, not living things. Brewer's yeast is something used in baking that is alive, and since it is a distinct living thing that can grow and change on its own, it must be the one that can survive without needing other parts to function."",
  ""confidence"": 0.9
}",A
14-1509,2,B,A,"I need to identify which of the options is an organism. First, I evaluate the options: 'air', 'sand', and 'sugar' are inanimate substances or chemical compounds, not living things. 'Brewer's yeast' is a known living entity used in baking and brewing. Since the question asks for an organism that can survive on its own, and the other three options are clearly not organisms at all, 'Brewer's yeast' is the only logical choice that fits the definition of a living organism.",1.0,"{
  ""answer"": ""A"",
  ""reasoning"": ""I need to identify which of the options is an organism. First, I evaluate the options: 'air', 'sand', and 'sugar' are inanimate substances or chemical compounds, not living things. 'Brewer's yeast' is a known living entity used in baking and brewing. Since the question asks for an organism that can survive on its own, and the other three options are clearly not organisms at all, 'Brewer's yeast' is the only logical choice that fits the definition of a living organism."",
  ""confidence"": 1.0
}",A
14-1509,3,A,A. Brewer's yeast,"I am choosing Brewer's yeast because it is the only thing on the list that seems like a living thing, like a plant or a bug. Air, sand, and sugar are just materials or ingredients you find in nature or the kitchen, and they don't grow or act on their own. Since the question asks about an 'organism' that can survive, it must be the yeast.",0.8,"{
  ""answer"": ""A. Brewer's yeast"",
  ""reasoning"": ""I am choosing Brewer's yeast because it is the only thing on the list that seems like a living thing, like a plant or a bug. Air, sand, and sugar are just materials or ingredients you find in nature or the kitchen, and they don't grow or act on their own. Since the question asks about an 'organism' that can survive, it must be the yeast."",
  ""confidence"": 0.8
}",A
14-1509,3,B,A,"I need to identify which of the options is an 'organism' capable of surviving on its own. First, I evaluate the options: 'air', 'sand', and 'sugar' are inanimate substances, not organisms. 'Brewer's yeast' is a well-known type of fungus used in baking and brewing. Since it is a living thing (an organism) that can grow and reproduce independently in a nutrient-rich environment without needing to be part of a larger body structure, it fits the description of something that can survive on its own.",0.95,"{
  ""answer"": ""A"",
  ""reasoning"": ""I need to identify which of the options is an 'organism' capable of surviving on its own. First, I evaluate the options: 'air', 'sand', and 'sugar' are inanimate substances, not organisms. 'Brewer's yeast' is a well-known type of fungus used in baking and brewing. Since it is a living thing (an organism) that can grow and reproduce independently in a nutrient-rich environment without needing to be part of a larger body structure, it fits the description of something that can survive on its own."",
  ""confidence"": 0.95
}",A
8-24,1,A,C,"I don't know the technical science behind it, but I know that hurricanes need a lot of moisture and heat to keep going. Since the ocean is warm and full of water, it makes sense that the air above it gets really humid and heavy with that warmth and moisture, which seems to feed the storm as it moves toward the coast.",0.8,"{
  ""answer"": ""C"",
  ""reasoning"": ""I don't know the technical science behind it, but I know that hurricanes need a lot of moisture and heat to keep going. Since the ocean is warm and full of water, it makes sense that the air above it gets really humid and heavy with that warmth and moisture, which seems to feed the storm as it moves toward the coast."",
  ""confidence"": 0.8
}",C
8-24,1,B,C,"I know that hurricanes are massive storm systems that form over the ocean. I understand that they require energy to grow and maintain their intensity. Looking at the options: A (salt) doesn't seem to provide energy for a storm. B (the ocean being wet) is a tautology and doesn't explain the mechanism of growth. D (cool and calm) is incorrect because hurricanes actually require warm water to intensify. C (seas have humidity from raised temperatures and fluid) makes the most sense because I know that warm water evaporates, creating high humidity and water vapor in the air. Since I don't know about latent heat, I am reasoning that the 'humidity' and 'raised temperatures' provide the necessary fuel or 'fluid' for the storm to grow as it moves across the ocean surface.",0.8,"{
  ""reasoning"": ""I know that hurricanes are massive storm systems that form over the ocean. I understand that they require energy to grow and maintain their intensity. Looking at the options: A (salt) doesn't seem to provide energy for a storm. B (the ocean being wet) is a tautology and doesn't explain the mechanism of growth. D (cool and calm) is incorrect because hurricanes actually require warm water to intensify. C (seas have humidity from raised temperatures and fluid) makes the most sense because I know that warm water evaporates, creating high humidity and water vapor in the air. Since I don't know about latent heat, I am reasoning that the 'humidity' and 'raised temperatures' provide the necessary fuel or 'fluid' for the storm to grow as it moves across the ocean surface."",
  ""answer"": ""C"",
  ""confidence"": 0.8
}",C
8-24,2,A,C,"I don't really know the science behind storms, but I know that hurricanes come from the ocean and seem to get stronger when the water is warm. Choice C mentions 'raised temperatures' and 'fluid' from the sea, which sounds like the most logical explanation for why a storm would gain strength as it travels over the water compared to the other options, which talk about salt, wetness, or the sea being calm.",0.6,"{
  ""answer"": ""C"",
  ""reasoning"": ""I don't really know the science behind storms, but I know that hurricanes come from the ocean and seem to get stronger when the water is warm. Choice C mentions 'raised temperatures' and 'fluid' from the sea, which sounds like the most logical explanation for why a storm would gain strength as it travels over the water compared to the other options, which talk about salt, wetness, or the sea being calm."",
  ""confidence"": 0.6
}",C
8-24,2,B,C,"I am analyzing why a hurricane grows as it moves over the ocean. I know that hurricanes are massive storm systems that require a fuel source to intensify. I look at the choices: A (salt) doesn't seem to provide energy for a storm. B (the ocean being wet) is a tautology; the ocean is water, but 'wetness' isn't a mechanism for growth. D (cool and calm) contradicts my knowledge that hurricanes require warm water to form and strengthen. This leaves C. While I don't understand the physics of latent heat or the specific mechanics of evaporation, I know that hurricanes are associated with 'humidity' and 'raised temperatures' of the water. Since the other options are either irrelevant or factually incorrect regarding storm behavior, C is the only logical choice remaining.",0.7,"{
  ""answer"": ""C"",
  ""reasoning"": ""I am analyzing why a hurricane grows as it moves over the ocean. I know that hurricanes are massive storm systems that require a fuel source to intensify. I look at the choices: A (salt) doesn't seem to provide energy for a storm. B (the ocean being wet) is a tautology; the ocean is water, but 'wetness' isn't a mechanism for growth. D (cool and calm) contradicts my knowledge that hurricanes require warm water to form and strengthen. This leaves C. While I don't understand the physics of latent heat or the specific mechanics of evaporation, I know that hurricanes are associated with 'humidity' and 'raised temperatures' of the water. Since the other options are either irrelevant or factually incorrect regarding storm behavior, C is the only logical choice remaining."",
  ""confidence"": 0.7
}",C
8-24,3,A,C,"I don't really know the science behind storms, but I know that hurricanes come from the ocean. Since the ocean is a giant body of water that gets warm in the sun, it makes sense that the air above it gets heavy with all that wetness and warmth. It seems like the storm feeds on that 'humidity' or wet air rising up from the warm sea to get stronger before it hits land.",0.6,"{
  ""answer"": ""C"",
  ""reasoning"": ""I don't really know the science behind storms, but I know that hurricanes come from the ocean. Since the ocean is a giant body of water that gets warm in the sun, it makes sense that the air above it gets heavy with all that wetness and warmth. It seems like the storm feeds on that 'humidity' or wet air rising up from the warm sea to get stronger before it hits land."",
  ""confidence"": 0.6
}",C
8-24,3,B,C,"I am looking at the options to explain why a hurricane grows over the ocean. I know that hurricanes are massive weather systems that require energy to grow. Option A (salt) doesn't seem like a source of energy for a storm. Option B (the ocean being wet) is a tautology; the ocean is water, but 'wetness' isn't a mechanism for growth. Option D (cool and calm) contradicts my knowledge that hurricanes need warm, active water to intensify. Option C mentions 'humidity from raised temperatures and fluid.' While I don't understand the physics of latent heat or phase changes, I know that hurricanes are associated with warm water and the presence of water in the air (humidity). Since A, B, and D are clearly incorrect or nonsensical, C is the only option that links the ocean's temperature and its fluid nature to the storm's development.",0.8,"```json
{
  ""answer"": ""C"",
  ""reasoning"": ""I am looking at the options to explain why a hurricane grows over the ocean. I know that hurricanes are massive weather systems that require energy to grow. Option A (salt) doesn't seem like a source of energy for a storm. Option B (the ocean being wet) is a tautology; the ocean is water, but 'wetness' isn't a mechanism for growth. Option D (cool and calm) contradicts my knowledge that hurricanes need warm, active water to intensify. Option C mentions 'humidity from raised temperatures and fluid.' While I don't understand the physics of latent heat or phase changes, I know that hurricanes are associated with warm water and the presence of water in the air (humidity). Since A, B, and D are clearly incorrect or nonsensical, C is the only option that links the ocean's temperature and its fluid nature to the storm's development."",
  ""confidence"": 0.8
}
```",C
